[
{
  "model": "auth.group",
  "fields": {
    "name": "Moderators",
    "permissions": [
      [
        "access_admin",
        "wagtailadmin",
        "admin"
      ],
      [
        "add_document",
        "wagtaildocs",
        "document"
      ],
      [
        "change_document",
        "wagtaildocs",
        "document"
      ],
      [
        "choose_document",
        "wagtaildocs",
        "document"
      ],
      [
        "delete_document",
        "wagtaildocs",
        "document"
      ],
      [
        "add_image",
        "wagtailimages",
        "image"
      ],
      [
        "change_image",
        "wagtailimages",
        "image"
      ],
      [
        "choose_image",
        "wagtailimages",
        "image"
      ],
      [
        "delete_image",
        "wagtailimages",
        "image"
      ]
    ]
  }
},
{
  "model": "auth.group",
  "fields": {
    "name": "Editors",
    "permissions": [
      [
        "access_admin",
        "wagtailadmin",
        "admin"
      ],
      [
        "add_document",
        "wagtaildocs",
        "document"
      ],
      [
        "change_document",
        "wagtaildocs",
        "document"
      ],
      [
        "choose_document",
        "wagtaildocs",
        "document"
      ],
      [
        "delete_document",
        "wagtaildocs",
        "document"
      ],
      [
        "add_image",
        "wagtailimages",
        "image"
      ],
      [
        "change_image",
        "wagtailimages",
        "image"
      ],
      [
        "choose_image",
        "wagtailimages",
        "image"
      ],
      [
        "delete_image",
        "wagtailimages",
        "image"
      ]
    ]
  }
},
{
  "model": "auth.user",
  "fields": {
    "password": "pbkdf2_sha256$260000$V53iafQTw4rsBlJDcvYYa0$kRcKcthdNmpyvNvmti9I1nhxkY1q+zL0ZpJpxK/AMP0=",
    "last_login": "2022-10-24T18:55:28.894Z",
    "is_superuser": true,
    "username": "juanpabloch",
    "first_name": "",
    "last_name": "",
    "email": "juan@mail.com",
    "is_staff": true,
    "is_active": true,
    "date_joined": "2022-10-24T18:55:21.298Z",
    "groups": [],
    "user_permissions": []
  }
},
{
  "model": "sessions.session",
  "pk": "8rh5caq77ayydy4uycr0eoz05703iix5",
  "fields": {
    "session_data": ".eJzVVVtv6jgQ_i-R4IUW5eY4qcQDl5ZyuJUSbl0dRXbsJC4hprFTCKv97xsK3XJ64Gj3YbVd5yGTmfm-jL-MJ78rHspk5GWCph4jyo2iKVenPoz8JU32AfKMkpBXfZ7IlOHqPqV6jIpqnxMaN465PxBESEQF2iI6BQ62DN0Bmg814tjEQQCZNkWOqgLg-8iGjhUEATINA_tqQIGtEx0i31cNsCcVVAjGE49u1yzNlRv1StmgUCIWX69T-sro5lpXbn5TfJEGK0ZITDcopZIXRdWGKpj2OlHLwjro8oU9jQIXD3rs-YHbjUXSeCSSt2aLCIixPsf9h5cNauGX3nY0HwLc7fTLCd3KWlkyGdNaDyWEJWFZxFlYi_iKlgXl3iFWmCj1I49Q4adsLYuCa-WQezF7pR4qKN6qP5g-X61oIsW1O3TrPe9u-Ngf19QPd2fQcTvnAv3OwBtM-mcC9flJQLnSrGIZEJpq1QYQWDb4_rNoGAl6jTDP5GX9SOuuoY6jpjEZjWA2HGXkAU9ycj_TdnAG62E4MsyxtQh13B4so-b2SXSnE0xm0nkyN-40Pep3LNRLuGQB89FeHlHjyVHYZ_R2lTEnea0EGyW1VVLrlWKVdB3H3F-KwigZ9UoJnATfEuAnxxG1pPk7RNfzNMz0_aPePJss8zX9yM4SIfOYkl8ACF3L6IhQL7IWW_9g_QUbS2KW0PH-pY_FYaOnmwWtS6hCTybzc4BPAp04PtP9RdNH63eOQtB3SGEcmv39A33tfrc1aFWh4xiqA8_0u3GpydfZrq1tbjX7tdWEt_Em-CamOJ52fTTs6ZN5T9zPHbcb38G-3C1Th3QXyR1eTJ--Mdppttns7zV5fX_SDnKig_nFxXRA1QTQAKZxRkzzkpiutAZaZ9iGUEZkyGNbp_egFzjNQQSfInc1a2ehO3tdWvyZvjR8vRU5KeABd6b35s6g238gZmUi_rWRsWT2Lv-PR8atkKhCRSVLUGWNQlbc3jrnfz1KDj-cTHzx9neAbVahpqoq_P7Hn4m4yzU:1on35c:-jEEOrGUu0KzlCZW3plgxytXKWJNOWbGwciv9Wo9g1Q",
    "expire_date": "2022-11-07T19:26:24.710Z"
  }
},
{
  "model": "base.aboutpage",
  "pk": 3,
  "fields": {
    "page_ptr": 3
  }
},
{
  "model": "base.about",
  "pk": 4,
  "fields": {
    "page_ptr": 4,
    "body": "<p data-block-key=\"ki8zy\">Esta es una pagina about</p>"
  }
},
{
  "model": "wagtailsearch.sqliteftsindexentry",
  "pk": 1,
  "fields": {
    "autocomplete": "Landing",
    "title": "Landing",
    "body": ""
  }
},
{
  "model": "wagtailsearch.sqliteftsindexentry",
  "pk": 2,
  "fields": {
    "autocomplete": "About",
    "title": "About",
    "body": ""
  }
},
{
  "model": "wagtailsearch.sqliteftsindexentry",
  "pk": 3,
  "fields": {
    "autocomplete": "About Us",
    "title": "About Us",
    "body": ""
  }
},
{
  "model": "wagtailsearch.indexentry",
  "pk": 1,
  "fields": {
    "content_type": [
      "wagtailcore",
      "page"
    ],
    "object_id": "2",
    "title_norm": 0.8571428571428571,
    "autocomplete": "Landing",
    "title": "Landing",
    "body": ""
  }
},
{
  "model": "wagtailsearch.indexentry",
  "pk": 2,
  "fields": {
    "content_type": [
      "base",
      "aboutpage"
    ],
    "object_id": "3",
    "title_norm": 1.2,
    "autocomplete": "About",
    "title": "About",
    "body": ""
  }
},
{
  "model": "wagtailsearch.indexentry",
  "pk": 3,
  "fields": {
    "content_type": [
      "base",
      "about"
    ],
    "object_id": "4",
    "title_norm": 0.8333333333333334,
    "autocomplete": "About Us",
    "title": "About Us",
    "body": ""
  }
},
{
  "model": "wagtailcore.locale",
  "pk": 1,
  "fields": {
    "language_code": "en"
  }
},
{
  "model": "wagtailcore.site",
  "fields": {
    "hostname": "localhost",
    "port": 80,
    "site_name": "",
    "root_page": 2,
    "is_default_site": true
  }
},
{
  "model": "wagtailcore.collection",
  "pk": 1,
  "fields": {
    "path": "0001",
    "depth": 1,
    "numchild": 0,
    "name": "Root"
  }
},
{
  "model": "wagtailcore.groupcollectionpermission",
  "fields": {
    "group": [
      "Editors"
    ],
    "collection": 1,
    "permission": [
      "add_document",
      "wagtaildocs",
      "document"
    ]
  }
},
{
  "model": "wagtailcore.groupcollectionpermission",
  "fields": {
    "group": [
      "Moderators"
    ],
    "collection": 1,
    "permission": [
      "add_document",
      "wagtaildocs",
      "document"
    ]
  }
},
{
  "model": "wagtailcore.groupcollectionpermission",
  "fields": {
    "group": [
      "Editors"
    ],
    "collection": 1,
    "permission": [
      "change_document",
      "wagtaildocs",
      "document"
    ]
  }
},
{
  "model": "wagtailcore.groupcollectionpermission",
  "fields": {
    "group": [
      "Moderators"
    ],
    "collection": 1,
    "permission": [
      "change_document",
      "wagtaildocs",
      "document"
    ]
  }
},
{
  "model": "wagtailcore.groupcollectionpermission",
  "fields": {
    "group": [
      "Editors"
    ],
    "collection": 1,
    "permission": [
      "choose_document",
      "wagtaildocs",
      "document"
    ]
  }
},
{
  "model": "wagtailcore.groupcollectionpermission",
  "fields": {
    "group": [
      "Moderators"
    ],
    "collection": 1,
    "permission": [
      "choose_document",
      "wagtaildocs",
      "document"
    ]
  }
},
{
  "model": "wagtailcore.groupcollectionpermission",
  "fields": {
    "group": [
      "Editors"
    ],
    "collection": 1,
    "permission": [
      "add_image",
      "wagtailimages",
      "image"
    ]
  }
},
{
  "model": "wagtailcore.groupcollectionpermission",
  "fields": {
    "group": [
      "Moderators"
    ],
    "collection": 1,
    "permission": [
      "add_image",
      "wagtailimages",
      "image"
    ]
  }
},
{
  "model": "wagtailcore.groupcollectionpermission",
  "fields": {
    "group": [
      "Editors"
    ],
    "collection": 1,
    "permission": [
      "change_image",
      "wagtailimages",
      "image"
    ]
  }
},
{
  "model": "wagtailcore.groupcollectionpermission",
  "fields": {
    "group": [
      "Moderators"
    ],
    "collection": 1,
    "permission": [
      "change_image",
      "wagtailimages",
      "image"
    ]
  }
},
{
  "model": "wagtailcore.groupcollectionpermission",
  "fields": {
    "group": [
      "Editors"
    ],
    "collection": 1,
    "permission": [
      "choose_image",
      "wagtailimages",
      "image"
    ]
  }
},
{
  "model": "wagtailcore.groupcollectionpermission",
  "fields": {
    "group": [
      "Moderators"
    ],
    "collection": 1,
    "permission": [
      "choose_image",
      "wagtailimages",
      "image"
    ]
  }
},
{
  "model": "wagtailcore.page",
  "pk": 1,
  "fields": {
    "path": "0001",
    "depth": 1,
    "numchild": 1,
    "translation_key": "fee0fb40-cac2-4a45-a82a-96214e716bb7",
    "locale": 1,
    "latest_revision": null,
    "live": true,
    "has_unpublished_changes": false,
    "first_published_at": null,
    "last_published_at": null,
    "live_revision": null,
    "go_live_at": null,
    "expire_at": null,
    "expired": false,
    "locked": false,
    "locked_at": null,
    "locked_by": null,
    "title": "Root",
    "draft_title": "Root",
    "slug": "root",
    "content_type": [
      "wagtailcore",
      "page"
    ],
    "url_path": "/",
    "owner": null,
    "seo_title": "",
    "show_in_menus": false,
    "search_description": "",
    "latest_revision_created_at": null,
    "alias_of": null
  }
},
{
  "model": "wagtailcore.page",
  "pk": 2,
  "fields": {
    "path": "00010001",
    "depth": 2,
    "numchild": 1,
    "translation_key": "2899274d-a57a-4b1f-bb08-a1b8c932e179",
    "locale": 1,
    "latest_revision": 2,
    "live": true,
    "has_unpublished_changes": false,
    "first_published_at": "2022-10-24T18:55:42.977Z",
    "last_published_at": "2022-10-24T18:55:42.977Z",
    "live_revision": 2,
    "go_live_at": null,
    "expire_at": null,
    "expired": false,
    "locked": false,
    "locked_at": null,
    "locked_by": null,
    "title": "Landing",
    "draft_title": "Landing",
    "slug": "home",
    "content_type": [
      "wagtailcore",
      "page"
    ],
    "url_path": "/home/",
    "owner": null,
    "seo_title": "",
    "show_in_menus": false,
    "search_description": "",
    "latest_revision_created_at": "2022-10-24T18:55:42.923Z",
    "alias_of": null
  }
},
{
  "model": "wagtailcore.page",
  "pk": 3,
  "fields": {
    "path": "000100010001",
    "depth": 3,
    "numchild": 1,
    "translation_key": "9ae8430c-0b99-4094-89ef-7b49100ae18f",
    "locale": 1,
    "latest_revision": 3,
    "live": false,
    "has_unpublished_changes": true,
    "first_published_at": null,
    "last_published_at": null,
    "live_revision": null,
    "go_live_at": null,
    "expire_at": null,
    "expired": false,
    "locked": false,
    "locked_at": null,
    "locked_by": null,
    "title": "About",
    "draft_title": "About",
    "slug": "about",
    "content_type": [
      "base",
      "aboutpage"
    ],
    "url_path": "/home/about/",
    "owner": [
      "juanpabloch"
    ],
    "seo_title": "",
    "show_in_menus": false,
    "search_description": "",
    "latest_revision_created_at": "2022-10-24T19:03:14.528Z",
    "alias_of": null
  }
},
{
  "model": "wagtailcore.page",
  "pk": 4,
  "fields": {
    "path": "0001000100010001",
    "depth": 4,
    "numchild": 0,
    "translation_key": "c4940937-f999-40a2-bfd2-7c83848c4585",
    "locale": 1,
    "latest_revision": 5,
    "live": true,
    "has_unpublished_changes": false,
    "first_published_at": "2022-10-24T19:03:39.916Z",
    "last_published_at": "2022-10-24T19:03:39.916Z",
    "live_revision": 5,
    "go_live_at": null,
    "expire_at": null,
    "expired": false,
    "locked": false,
    "locked_at": null,
    "locked_by": null,
    "title": "About Us",
    "draft_title": "About Us",
    "slug": "about-us",
    "content_type": [
      "base",
      "about"
    ],
    "url_path": "/home/about/about-us/",
    "owner": [
      "juanpabloch"
    ],
    "seo_title": "",
    "show_in_menus": false,
    "search_description": "",
    "latest_revision_created_at": "2022-10-24T19:03:39.860Z",
    "alias_of": null
  }
},
{
  "model": "wagtailcore.revision",
  "pk": 1,
  "fields": {
    "content_type": [
      "wagtailcore",
      "page"
    ],
    "base_content_type": [
      "wagtailcore",
      "page"
    ],
    "object_id": "2",
    "submitted_for_moderation": false,
    "created_at": "2022-10-24T18:55:40.149Z",
    "user": [
      "juanpabloch"
    ],
    "object_str": "Landing",
    "content": {
      "pk": 2,
      "path": "00010001",
      "depth": 2,
      "numchild": 0,
      "translation_key": "2899274d-a57a-4b1f-bb08-a1b8c932e179",
      "locale": 1,
      "latest_revision": null,
      "live": true,
      "has_unpublished_changes": false,
      "first_published_at": null,
      "last_published_at": null,
      "live_revision": null,
      "go_live_at": null,
      "expire_at": null,
      "expired": false,
      "locked": false,
      "locked_at": null,
      "locked_by": null,
      "title": "Landing",
      "draft_title": "Welcome to your new Wagtail site!",
      "slug": "home",
      "content_type": 1,
      "url_path": "/home/",
      "owner": null,
      "seo_title": "",
      "show_in_menus": false,
      "search_description": "",
      "latest_revision_created_at": null,
      "alias_of": null,
      "wagtail_admin_comments": []
    },
    "approved_go_live_at": null
  }
},
{
  "model": "wagtailcore.revision",
  "pk": 2,
  "fields": {
    "content_type": [
      "wagtailcore",
      "page"
    ],
    "base_content_type": [
      "wagtailcore",
      "page"
    ],
    "object_id": "2",
    "submitted_for_moderation": false,
    "created_at": "2022-10-24T18:55:42.923Z",
    "user": [
      "juanpabloch"
    ],
    "object_str": "Landing",
    "content": {
      "pk": 2,
      "path": "00010001",
      "depth": 2,
      "numchild": 0,
      "translation_key": "2899274d-a57a-4b1f-bb08-a1b8c932e179",
      "locale": 1,
      "latest_revision": 1,
      "live": true,
      "has_unpublished_changes": true,
      "first_published_at": null,
      "last_published_at": null,
      "live_revision": null,
      "go_live_at": null,
      "expire_at": null,
      "expired": false,
      "locked": false,
      "locked_at": null,
      "locked_by": null,
      "title": "Landing",
      "draft_title": "Landing",
      "slug": "home",
      "content_type": 1,
      "url_path": "/home/",
      "owner": null,
      "seo_title": "",
      "show_in_menus": false,
      "search_description": "",
      "latest_revision_created_at": "2022-10-24T18:55:40.149Z",
      "alias_of": null,
      "wagtail_admin_comments": []
    },
    "approved_go_live_at": null
  }
},
{
  "model": "wagtailcore.revision",
  "pk": 3,
  "fields": {
    "content_type": [
      "base",
      "aboutpage"
    ],
    "base_content_type": [
      "wagtailcore",
      "page"
    ],
    "object_id": "3",
    "submitted_for_moderation": false,
    "created_at": "2022-10-24T19:03:14.528Z",
    "user": [
      "juanpabloch"
    ],
    "object_str": "About",
    "content": {
      "pk": 3,
      "path": "000100010001",
      "depth": 3,
      "numchild": 0,
      "translation_key": "9ae8430c-0b99-4094-89ef-7b49100ae18f",
      "locale": 1,
      "latest_revision": null,
      "live": false,
      "has_unpublished_changes": false,
      "first_published_at": null,
      "last_published_at": null,
      "live_revision": null,
      "go_live_at": null,
      "expire_at": null,
      "expired": false,
      "locked": false,
      "locked_at": null,
      "locked_by": null,
      "title": "About",
      "draft_title": "About",
      "slug": "about",
      "content_type": 16,
      "url_path": "/home/about/",
      "owner": 1,
      "seo_title": "",
      "show_in_menus": false,
      "search_description": "",
      "latest_revision_created_at": null,
      "alias_of": null,
      "wagtail_admin_comments": []
    },
    "approved_go_live_at": null
  }
},
{
  "model": "wagtailcore.revision",
  "pk": 4,
  "fields": {
    "content_type": [
      "base",
      "about"
    ],
    "base_content_type": [
      "wagtailcore",
      "page"
    ],
    "object_id": "4",
    "submitted_for_moderation": false,
    "created_at": "2022-10-24T19:03:36.237Z",
    "user": [
      "juanpabloch"
    ],
    "object_str": "About Us",
    "content": {
      "pk": 4,
      "path": "0001000100010001",
      "depth": 4,
      "numchild": 0,
      "translation_key": "c4940937-f999-40a2-bfd2-7c83848c4585",
      "locale": 1,
      "latest_revision": null,
      "live": false,
      "has_unpublished_changes": false,
      "first_published_at": null,
      "last_published_at": null,
      "live_revision": null,
      "go_live_at": null,
      "expire_at": null,
      "expired": false,
      "locked": false,
      "locked_at": null,
      "locked_by": null,
      "title": "About Us",
      "draft_title": "About Us",
      "slug": "about-us",
      "content_type": 14,
      "url_path": "/home/about/about-us/",
      "owner": 1,
      "seo_title": "",
      "show_in_menus": false,
      "search_description": "",
      "latest_revision_created_at": null,
      "alias_of": null,
      "body": "<p data-block-key=\"ki8zy\">Esta es una pagina about</p>",
      "wagtail_admin_comments": []
    },
    "approved_go_live_at": null
  }
},
{
  "model": "wagtailcore.revision",
  "pk": 5,
  "fields": {
    "content_type": [
      "base",
      "about"
    ],
    "base_content_type": [
      "wagtailcore",
      "page"
    ],
    "object_id": "4",
    "submitted_for_moderation": false,
    "created_at": "2022-10-24T19:03:39.860Z",
    "user": [
      "juanpabloch"
    ],
    "object_str": "About Us",
    "content": {
      "pk": 4,
      "path": "0001000100010001",
      "depth": 4,
      "numchild": 0,
      "translation_key": "c4940937-f999-40a2-bfd2-7c83848c4585",
      "locale": 1,
      "latest_revision": 4,
      "live": false,
      "has_unpublished_changes": true,
      "first_published_at": null,
      "last_published_at": null,
      "live_revision": null,
      "go_live_at": null,
      "expire_at": null,
      "expired": false,
      "locked": false,
      "locked_at": null,
      "locked_by": null,
      "title": "About Us",
      "draft_title": "About Us",
      "slug": "about-us",
      "content_type": 14,
      "url_path": "/home/about/about-us/",
      "owner": 1,
      "seo_title": "",
      "show_in_menus": false,
      "search_description": "",
      "latest_revision_created_at": "2022-10-24T19:03:36.237Z",
      "alias_of": null,
      "body": "<p data-block-key=\"ki8zy\">Esta es una pagina about</p>",
      "wagtail_admin_comments": []
    },
    "approved_go_live_at": null
  }
},
{
  "model": "wagtailcore.grouppagepermission",
  "pk": 1,
  "fields": {
    "group": [
      "Moderators"
    ],
    "page": 1,
    "permission_type": "add"
  }
},
{
  "model": "wagtailcore.grouppagepermission",
  "pk": 2,
  "fields": {
    "group": [
      "Moderators"
    ],
    "page": 1,
    "permission_type": "edit"
  }
},
{
  "model": "wagtailcore.grouppagepermission",
  "pk": 3,
  "fields": {
    "group": [
      "Moderators"
    ],
    "page": 1,
    "permission_type": "publish"
  }
},
{
  "model": "wagtailcore.grouppagepermission",
  "pk": 4,
  "fields": {
    "group": [
      "Editors"
    ],
    "page": 1,
    "permission_type": "add"
  }
},
{
  "model": "wagtailcore.grouppagepermission",
  "pk": 5,
  "fields": {
    "group": [
      "Editors"
    ],
    "page": 1,
    "permission_type": "edit"
  }
},
{
  "model": "wagtailcore.grouppagepermission",
  "pk": 6,
  "fields": {
    "group": [
      "Moderators"
    ],
    "page": 1,
    "permission_type": "lock"
  }
},
{
  "model": "wagtailcore.grouppagepermission",
  "pk": 7,
  "fields": {
    "group": [
      "Moderators"
    ],
    "page": 1,
    "permission_type": "unlock"
  }
},
{
  "model": "wagtailcore.workflowpage",
  "pk": 1,
  "fields": {
    "workflow": 1
  }
},
{
  "model": "wagtailcore.workflowtask",
  "pk": 1,
  "fields": {
    "sort_order": 0,
    "workflow": 1,
    "task": 1
  }
},
{
  "model": "wagtailcore.task",
  "pk": 1,
  "fields": {
    "name": "Moderators approval",
    "content_type": [
      "wagtailcore",
      "groupapprovaltask"
    ],
    "active": true
  }
},
{
  "model": "wagtailcore.workflow",
  "pk": 1,
  "fields": {
    "name": "Moderators approval",
    "active": true
  }
},
{
  "model": "wagtailcore.groupapprovaltask",
  "pk": 1,
  "fields": {
    "task_ptr": 1,
    "groups": [
      [
        "Moderators"
      ]
    ]
  }
},
{
  "model": "wagtailcore.pagelogentry",
  "pk": 1,
  "fields": {
    "content_type": [
      "wagtailcore",
      "page"
    ],
    "label": "Landing",
    "action": "wagtail.edit",
    "data": {},
    "timestamp": "2022-10-24T18:55:40.192Z",
    "uuid": "ee7cb80f-567d-4a5d-bc09-8c2faef9097f",
    "user": [
      "juanpabloch"
    ],
    "revision": 1,
    "content_changed": true,
    "deleted": false,
    "page": 2
  }
},
{
  "model": "wagtailcore.pagelogentry",
  "pk": 2,
  "fields": {
    "content_type": [
      "wagtailcore",
      "page"
    ],
    "label": "Landing",
    "action": "wagtail.edit",
    "data": {},
    "timestamp": "2022-10-24T18:55:42.951Z",
    "uuid": "aeba4745-f710-449a-a9fb-c21c72e17fce",
    "user": [
      "juanpabloch"
    ],
    "revision": 2,
    "content_changed": true,
    "deleted": false,
    "page": 2
  }
},
{
  "model": "wagtailcore.pagelogentry",
  "pk": 3,
  "fields": {
    "content_type": [
      "wagtailcore",
      "page"
    ],
    "label": "Landing",
    "action": "wagtail.rename",
    "data": {
      "title": {
        "old": "Welcome to your new Wagtail site!",
        "new": "Landing"
      }
    },
    "timestamp": "2022-10-24T18:55:43.016Z",
    "uuid": "aeba4745-f710-449a-a9fb-c21c72e17fce",
    "user": [
      "juanpabloch"
    ],
    "revision": 2,
    "content_changed": false,
    "deleted": false,
    "page": 2
  }
},
{
  "model": "wagtailcore.pagelogentry",
  "pk": 4,
  "fields": {
    "content_type": [
      "wagtailcore",
      "page"
    ],
    "label": "Landing",
    "action": "wagtail.publish",
    "data": {
      "title": {
        "old": "Welcome to your new Wagtail site!",
        "new": "Landing"
      }
    },
    "timestamp": "2022-10-24T18:55:43.030Z",
    "uuid": "aeba4745-f710-449a-a9fb-c21c72e17fce",
    "user": [
      "juanpabloch"
    ],
    "revision": 2,
    "content_changed": false,
    "deleted": false,
    "page": 2
  }
},
{
  "model": "wagtailcore.pagelogentry",
  "pk": 5,
  "fields": {
    "content_type": [
      "base",
      "aboutpage"
    ],
    "label": "About",
    "action": "wagtail.create",
    "data": {},
    "timestamp": "2022-10-24T19:03:14.509Z",
    "uuid": "8f272b22-19c1-4b43-b3bf-4cdbe5f73b84",
    "user": [
      "juanpabloch"
    ],
    "revision": null,
    "content_changed": true,
    "deleted": false,
    "page": 3
  }
},
{
  "model": "wagtailcore.pagelogentry",
  "pk": 6,
  "fields": {
    "content_type": [
      "base",
      "about"
    ],
    "label": "About Us",
    "action": "wagtail.create",
    "data": {},
    "timestamp": "2022-10-24T19:03:36.218Z",
    "uuid": "39630bb6-e77b-45c3-9fbd-e8b55d4ede47",
    "user": [
      "juanpabloch"
    ],
    "revision": null,
    "content_changed": true,
    "deleted": false,
    "page": 4
  }
},
{
  "model": "wagtailcore.pagelogentry",
  "pk": 7,
  "fields": {
    "content_type": [
      "base",
      "about"
    ],
    "label": "About Us",
    "action": "wagtail.edit",
    "data": {},
    "timestamp": "2022-10-24T19:03:39.888Z",
    "uuid": "ebc4598b-50c6-41ee-be05-cc4d958f8183",
    "user": [
      "juanpabloch"
    ],
    "revision": 5,
    "content_changed": true,
    "deleted": false,
    "page": 4
  }
},
{
  "model": "wagtailcore.pagelogentry",
  "pk": 8,
  "fields": {
    "content_type": [
      "base",
      "about"
    ],
    "label": "About Us",
    "action": "wagtail.publish",
    "data": {},
    "timestamp": "2022-10-24T19:03:39.956Z",
    "uuid": "ebc4598b-50c6-41ee-be05-cc4d958f8183",
    "user": [
      "juanpabloch"
    ],
    "revision": 5,
    "content_changed": false,
    "deleted": false,
    "page": 4
  }
},
{
  "model": "wagtailcore.pagesubscription",
  "pk": 1,
  "fields": {
    "user": [
      "juanpabloch"
    ],
    "page": 2,
    "comment_notifications": false
  }
},
{
  "model": "wagtailcore.pagesubscription",
  "pk": 2,
  "fields": {
    "user": [
      "juanpabloch"
    ],
    "page": 3,
    "comment_notifications": true
  }
},
{
  "model": "wagtailcore.pagesubscription",
  "pk": 3,
  "fields": {
    "user": [
      "juanpabloch"
    ],
    "page": 4,
    "comment_notifications": true
  }
}
]
